Image File,Grid-Based,LIME on Latent Features,LIME on Images,Object Detection
town7_000003.png,True,False,True,True
town7_000009.png,True,False,True,True
town7_000010.png,True,False,True,True
town7_000016.png,True,False,True,True
town7_000024.png,True,False,True,True
town7_000027.png,True,False,True,True
town7_000028.png,True,False,True,True
town7_000041.png,True,False,True,True
town7_000044.png,True,False,True,True
town7_000054.png,True,False,True,True
town7_000066.png,True,False,False,True
town7_000067.png,True,False,False,True
town7_000070.png,True,False,False,True
town7_000080.png,True,False,True,True
town7_000084.png,True,False,True,True
town7_000093.png,True,False,True,True
town7_000101.png,True,False,True,True
town7_000103.png,True,False,True,True
town7_000104.png,True,False,True,True
town7_000109.png,True,True,True,True
town7_000116.png,True,False,True,True
town7_000128.png,True,True,True,True
town7_000130.png,True,True,True,True
town7_000141.png,True,True,True,True
town7_000144.png,True,False,True,True
town7_000146.png,True,False,True,True
town7_000154.png,True,False,False,True
town7_000156.png,True,True,False,True
town7_000174.png,True,False,True,True
town7_000179.png,True,False,True,True
town7_000183.png,True,False,True,True
town7_000189.png,True,False,True,True
town7_000190.png,True,False,True,True
town7_000191.png,True,False,True,True
town7_000204.png,True,False,True,True
town7_000205.png,True,False,True,True
town7_000215.png,True,False,True,True
town7_000216.png,True,False,True,True
town7_000229.png,True,False,True,True
town7_000238.png,True,False,True,True
town7_000242.png,True,False,True,True
town7_000246.png,True,False,True,True
town7_000252.png,True,False,True,True
town7_000260.png,True,False,True,True
town7_000261.png,True,False,True,True
town7_000262.png,True,False,True,True
town7_000263.png,True,False,True,True
town7_000265.png,True,False,True,True
town7_000269.png,True,False,True,True
town7_000273.png,True,False,True,True
town7_000289.png,True,False,True,True
town7_000296.png,True,False,True,True
town7_000302.png,True,False,True,True
town7_000309.png,True,False,True,True
town7_000312.png,True,False,True,True
town7_000314.png,True,False,True,True
town7_000315.png,True,False,True,True
town7_000319.png,True,False,True,True
town7_000324.png,True,False,True,True
town7_000327.png,True,False,True,True
town7_000337.png,True,False,True,True
town7_000343.png,True,False,True,True
town7_000345.png,True,False,True,True
town7_000346.png,True,False,True,True
town7_000361.png,True,False,True,True
town7_000375.png,True,False,True,True
town7_000376.png,True,False,True,True
town7_000377.png,True,False,True,True
town7_000383.png,True,False,True,True
town7_000386.png,True,False,True,True
town7_000392.png,True,False,True,True
town7_000397.png,True,False,True,True
town7_000403.png,True,False,True,True
town7_000407.png,True,False,True,True
town7_000409.png,True,False,True,True
town7_000411.png,True,False,True,True
town7_000414.png,True,False,True,True
town7_000415.png,True,False,True,True
town7_000417.png,True,False,True,True
town7_000422.png,True,False,True,True
town7_000432.png,True,False,True,True
town7_000441.png,True,False,True,True
town7_000443.png,True,False,True,True
town7_000444.png,True,False,True,True
town7_000448.png,True,False,True,True
town7_000457.png,True,False,True,True
town7_000460.png,True,False,True,True
town7_000463.png,True,False,True,True
town7_000468.png,True,False,True,True
town7_000471.png,True,False,True,True
town7_000484.png,True,False,True,True
town7_000494.png,True,False,True,True
town7_000496.png,True,False,True,True
town7_000498.png,True,False,True,True
town7_000499.png,True,False,True,True
town7_000500.png,True,False,True,True
town7_000503.png,True,False,True,True
town7_000505.png,True,False,True,True
town7_000507.png,True,False,True,True
town7_000508.png,True,False,True,True
town7_000511.png,True,False,True,True
town7_000518.png,True,False,True,True
town7_000519.png,True,False,True,True
town7_000524.png,True,False,True,True
town7_000530.png,True,False,True,True
town7_000535.png,True,False,True,True
town7_000537.png,True,True,True,True
town7_000548.png,True,False,True,True
town7_000549.png,True,False,True,True
town7_000560.png,True,False,True,True
town7_000562.png,True,False,True,True
town7_000566.png,True,False,True,True
town7_000567.png,True,False,True,True
town7_000569.png,True,False,True,True
town7_000587.png,True,False,True,True
town7_000588.png,True,False,True,False
town7_000592.png,True,False,True,True
town7_000595.png,True,False,True,True
town7_000597.png,True,False,True,True
town7_000602.png,True,False,True,True
town7_000603.png,True,False,True,True
town7_000604.png,True,False,True,True
town7_000615.png,True,False,True,True
town7_000616.png,True,False,True,True
town7_000621.png,True,False,True,True
town7_000628.png,True,False,True,True
town7_000633.png,True,False,True,True
town7_000647.png,True,False,True,True
town7_000655.png,True,False,True,True
town7_000659.png,True,False,False,True
town7_000661.png,True,False,True,True
town7_000664.png,True,False,True,True
town7_000668.png,True,False,True,False
town7_000671.png,True,False,True,True
town7_000691.png,True,False,True,True
town7_000692.png,True,False,True,True
town7_000695.png,True,True,True,True
town7_000702.png,True,True,True,True
town7_000704.png,True,True,True,True
town7_000728.png,True,False,True,True
town7_000736.png,True,False,True,True
town7_000740.png,True,True,True,True
town7_000743.png,True,False,True,True
town7_000751.png,True,False,True,True
town7_000770.png,True,False,True,False
town7_000774.png,True,False,True,True
town7_000780.png,True,False,True,True
town7_000784.png,True,False,True,False
town7_000792.png,True,False,True,True
town7_000796.png,True,False,True,True
town7_000798.png,True,False,True,True
town7_000800.png,True,False,True,False
town7_000804.png,True,False,True,True
town7_000813.png,True,False,True,True
town7_000814.png,True,True,True,True
town7_000821.png,True,False,True,True
town7_000828.png,True,False,True,True
town7_000832.png,True,False,True,True
town7_000834.png,True,False,True,True
town7_000849.png,True,False,True,True
town7_000863.png,True,False,True,True
town7_000864.png,True,False,True,True
town7_000865.png,True,False,True,True
town7_000879.png,True,False,True,True
town7_000886.png,True,False,True,True
town7_000887.png,True,False,True,True
town7_000900.png,True,False,True,True
town7_000901.png,True,False,True,True
town7_000905.png,True,False,True,True
town7_000908.png,True,False,True,True
town7_000913.png,True,True,True,True
town7_000919.png,True,False,True,True
town7_000922.png,True,False,True,True
town7_000935.png,True,False,True,True
town7_000940.png,True,False,True,True
town7_000952.png,True,False,True,True
town7_000953.png,True,False,True,True
town7_000955.png,True,False,True,True
town7_000959.png,True,False,True,True
town7_000969.png,True,False,True,True
town7_000971.png,True,False,True,True
town7_000974.png,True,True,True,True
town7_000979.png,True,True,True,True
town7_000980.png,True,False,True,True
town7_000981.png,True,True,True,True
town7_000984.png,True,True,True,True
town7_000993.png,True,False,True,True
town7_001006.png,True,False,True,True
town7_001007.png,True,False,True,True
town7_001021.png,True,False,True,True
town7_001031.png,True,False,True,True
town7_001032.png,True,False,True,True
town7_001034.png,True,False,True,True
town7_001037.png,True,False,True,True
town7_001048.png,True,False,True,True
town7_001053.png,True,False,True,True
town7_001055.png,True,False,True,True
town7_001057.png,True,False,True,True
town7_001059.png,True,False,True,True
town7_001064.png,True,False,True,True
town7_001068.png,True,False,True,True
town7_001074.png,True,False,True,True
town7_001093.png,True,False,True,True
town7_001105.png,True,False,False,True
town7_001113.png,True,True,False,True
town7_001114.png,True,False,True,True
town7_001120.png,True,False,True,True
town7_001121.png,True,False,True,True
town7_001122.png,True,False,True,True
town7_001132.png,True,False,True,True
town7_001150.png,True,False,True,True
town7_001152.png,True,False,True,True
town7_001153.png,True,False,True,True
town7_001156.png,True,False,True,True
town7_001160.png,True,False,True,True
town7_001165.png,True,False,True,True
town7_001174.png,True,False,True,True
town7_001180.png,True,False,True,True
town7_001181.png,True,False,True,True
town7_001186.png,True,False,True,True
town7_001189.png,True,False,True,True
town7_001193.png,True,False,True,True
town7_001200.png,True,False,False,True
town7_001202.png,True,False,True,True
town7_001205.png,True,False,True,True
town7_001218.png,True,False,True,True
town7_001221.png,True,False,True,True
town7_001223.png,True,False,True,True
town7_001227.png,True,True,True,True
town7_001228.png,True,True,True,True
town7_001233.png,True,True,True,True
town7_001236.png,True,True,True,True
town7_001246.png,True,False,True,True
town7_001247.png,True,False,True,True
town7_001248.png,True,False,True,True
town7_001252.png,True,False,True,True
town7_001253.png,True,False,True,True
town7_001262.png,True,False,True,True
town7_001266.png,True,False,True,True
town7_001269.png,True,False,True,True
town7_001273.png,True,True,True,True
town7_001278.png,True,True,True,True
town7_001287.png,True,True,True,True
town7_001300.png,True,False,True,True
town7_001310.png,True,False,True,True
town7_001312.png,True,False,True,True
town7_001320.png,True,False,True,True
town7_001323.png,True,False,True,True
town7_001330.png,True,False,True,True
town7_001334.png,True,False,True,True
town7_001335.png,True,False,True,True
town7_001336.png,True,False,True,True
town7_001340.png,True,False,True,True
town7_001369.png,True,True,True,True
town7_001372.png,True,False,True,True
town7_001393.png,True,False,True,True
town7_001399.png,True,False,True,False
town7_001414.png,True,False,True,True
town7_001422.png,True,False,True,True
town7_001426.png,True,True,True,True
town7_001428.png,True,True,True,True
town7_001431.png,True,True,True,True
town7_001444.png,True,False,True,True
town7_001456.png,True,False,True,True
town7_001463.png,True,True,True,True
town7_001467.png,True,False,True,True
town7_001469.png,True,False,True,True
town7_001471.png,True,False,True,True
town7_001481.png,True,False,False,False
town7_001484.png,True,False,False,True
town7_001494.png,True,False,True,True
town7_001498.png,True,False,True,True
town7_001505.png,True,False,True,True
town7_001506.png,True,False,True,True
town7_001516.png,True,False,True,True
town7_001524.png,True,False,True,True
town7_001528.png,True,True,True,True
town7_001529.png,True,False,True,True
town7_001537.png,True,False,True,True
town7_001538.png,True,False,True,True
town7_001546.png,True,False,True,True
town7_001555.png,True,False,True,True
town7_001557.png,True,False,True,True
town7_001565.png,True,False,True,True
town7_001574.png,True,False,True,True
town7_001577.png,True,False,True,False
town7_001590.png,True,False,True,True
town7_001592.png,True,False,True,True
town7_001595.png,True,False,True,True
town7_001605.png,True,False,True,True
town7_001608.png,True,False,True,True
town7_001612.png,True,False,True,True
town7_001613.png,True,False,True,True
town7_001616.png,True,True,True,True
town7_001620.png,True,False,True,True
town7_001621.png,True,False,True,True
town7_001639.png,True,False,True,True
town7_001640.png,True,False,True,True
town7_001655.png,True,False,False,True
town7_001675.png,True,False,True,True
town7_001686.png,True,False,True,True
town7_001692.png,True,False,True,True
town7_001693.png,True,False,True,True
town7_001695.png,True,False,True,True
town7_001696.png,True,False,True,True
town7_001699.png,True,False,True,True
town7_001712.png,True,False,True,True
town7_001715.png,True,False,True,True
town7_001717.png,True,False,True,True
town7_001718.png,True,False,True,True
town7_001720.png,True,False,True,True
town7_001725.png,True,False,True,True
town7_001728.png,True,False,True,True
town7_001729.png,True,False,True,True
town7_001734.png,True,False,True,True
town7_001738.png,True,False,True,True
town7_001741.png,True,False,True,True
town7_001750.png,True,False,True,True
town7_001756.png,True,False,True,True
town7_001758.png,True,False,True,True
town7_001759.png,True,False,True,True
town7_001760.png,True,False,True,True
town7_001761.png,True,False,True,True
town7_001762.png,True,False,True,True
town7_001771.png,True,False,True,True
town7_001778.png,True,False,True,True
town7_001782.png,True,False,True,True
town7_001789.png,True,True,False,True
town7_001793.png,True,False,False,True
town7_001818.png,True,True,False,True
town7_001822.png,True,False,False,True
town7_001832.png,True,False,False,True
town7_001833.png,True,False,True,True
town7_001834.png,True,False,True,True
town7_001843.png,True,False,True,True
town7_001848.png,True,False,True,True
town7_001856.png,True,False,True,True
town7_001865.png,True,False,True,True
town7_001871.png,True,False,True,True
town7_001876.png,True,False,True,True
town7_001877.png,True,False,True,True
town7_001885.png,True,False,True,True
town7_001897.png,True,False,True,True
town7_001908.png,True,False,True,True
town7_001909.png,True,False,True,True
town7_001919.png,True,False,True,True
town7_001920.png,True,False,True,True
town7_001928.png,True,False,True,True
town7_001929.png,True,False,True,True
town7_001950.png,True,False,True,True
town7_001963.png,True,False,True,True
town7_001967.png,True,False,True,True
town7_001969.png,True,False,True,True
town7_001970.png,True,False,True,True
town7_001972.png,True,False,True,True
town7_001973.png,True,False,True,True
town7_001974.png,True,False,True,True
town7_001977.png,True,False,True,True
town7_001979.png,True,False,True,True
town7_001981.png,True,False,True,True
town7_001996.png,True,False,True,True
town7_001998.png,True,True,True,False
town7_002009.png,True,False,False,True
town7_002011.png,True,False,False,True
town7_002020.png,True,False,True,True
town7_002023.png,True,False,False,True
town7_002031.png,True,False,True,True
town7_002045.png,True,False,True,True
town7_002046.png,True,False,True,True
town7_002058.png,True,True,False,True
town7_002059.png,True,True,False,False
town7_002071.png,True,False,True,True
town7_002073.png,True,False,True,True
town7_002075.png,True,True,True,True
town7_002089.png,True,False,True,False
town7_002091.png,True,False,True,True
town7_002096.png,True,True,True,True
town7_002097.png,True,True,False,True
town7_002103.png,True,False,False,True
town7_002104.png,True,False,False,True
town7_002106.png,True,False,False,True
town7_002115.png,True,True,True,True
town7_002123.png,True,False,True,True
town7_002127.png,True,False,True,True
town7_002130.png,True,False,True,True
town7_002138.png,True,False,True,True
town7_002139.png,True,False,True,True
town7_002147.png,True,False,True,True
town7_002162.png,True,False,True,True
town7_002179.png,True,False,True,True
town7_002180.png,True,False,True,True
town7_002188.png,True,False,True,True
town7_002189.png,True,False,True,True
town7_002195.png,True,False,True,True
town7_002198.png,True,False,True,True
town7_002200.png,True,False,True,True
town7_002201.png,True,False,True,True
town7_002202.png,True,False,True,True
town7_002209.png,True,False,True,True
town7_002213.png,True,False,True,True
town7_002220.png,True,False,True,True
town7_002228.png,True,False,True,True
town7_002241.png,True,False,True,True
town7_002250.png,True,False,True,True
town7_002253.png,True,False,True,True
town7_002254.png,True,False,True,True
town7_002255.png,True,False,True,True
town7_002265.png,True,False,True,False
town7_002273.png,True,False,False,True
town7_002274.png,True,False,False,True
town7_002281.png,True,False,False,True
town7_002286.png,True,False,False,True
town7_002293.png,True,False,True,True
town7_002295.png,True,False,True,True
town7_002302.png,True,False,True,True
town7_002304.png,True,False,True,True
town7_002306.png,True,False,True,True
town7_002307.png,True,False,True,True
town7_002315.png,True,False,True,True
town7_002323.png,True,False,True,True
town7_002328.png,True,True,True,True
town7_002332.png,True,True,True,True
town7_002333.png,True,False,True,True
town7_002348.png,True,False,True,True
town7_002358.png,True,False,True,True
town7_002363.png,True,False,True,True
town7_002371.png,True,False,True,True
town7_002378.png,True,False,True,True
town7_002389.png,True,False,True,True
town7_002395.png,True,True,True,True
town7_002420.png,True,False,True,True
town7_002424.png,True,False,True,True
town7_002425.png,True,False,True,True
town7_002442.png,True,False,True,True
town7_002445.png,True,False,True,True
town7_002446.png,True,False,True,True
town7_002452.png,True,False,True,True
town7_002457.png,True,False,True,True
town7_002472.png,True,True,True,True
town7_002476.png,True,False,True,True
town7_002483.png,True,False,False,True
town7_002485.png,True,False,True,True
town7_002488.png,True,False,True,True
town7_002494.png,True,False,True,True
town7_002499.png,True,False,True,True
town7_002505.png,True,False,True,True
town7_002510.png,True,False,True,True
town7_002511.png,True,False,True,True
town7_002512.png,True,False,True,True
town7_002519.png,True,False,True,True
town7_002521.png,True,False,True,True
town7_002523.png,True,False,True,True
town7_002526.png,True,False,True,True
town7_002529.png,True,False,True,True
town7_002530.png,True,False,True,True
town7_002538.png,True,False,True,True
town7_002550.png,True,False,True,True
town7_002551.png,True,False,True,True
town7_002553.png,True,False,True,True
town7_002563.png,True,False,True,True
town7_002571.png,True,False,True,True
town7_002573.png,True,False,True,True
town7_002576.png,True,False,True,True
town7_002579.png,True,False,True,True
town7_002582.png,True,False,True,True
town7_002583.png,True,False,True,True
town7_002585.png,True,False,True,True
town7_002586.png,True,False,True,True
town7_002589.png,True,False,True,True
town7_002593.png,True,False,True,True
town7_002596.png,True,False,True,True
town7_002600.png,True,False,True,True
town7_002604.png,True,False,True,True
town7_002607.png,True,False,True,True
town7_002611.png,True,False,True,True
town7_002622.png,True,False,True,True
town7_002623.png,True,False,True,True
town7_002625.png,True,False,True,True
town7_002626.png,True,False,True,True
town7_002627.png,True,False,True,True
town7_002630.png,True,False,True,True
town7_002634.png,True,False,True,True
town7_002635.png,True,False,True,True
town7_002639.png,True,False,True,True
town7_002646.png,True,False,True,True
town7_002654.png,True,False,True,True
town7_002656.png,True,False,True,True
town7_002671.png,True,False,True,True
town7_002676.png,True,False,True,True
town7_002684.png,True,False,True,True
town7_002686.png,True,True,True,True
town7_002690.png,True,False,False,True
town7_002692.png,True,False,False,True
town7_002694.png,True,False,False,True
town7_002702.png,True,False,True,True
town7_002708.png,True,False,True,True
town7_002728.png,True,False,True,True
town7_002731.png,True,False,True,True
town7_002736.png,True,False,True,True
town7_002746.png,True,False,True,False
town7_002747.png,True,False,True,True
town7_002753.png,True,False,True,True
town7_002764.png,True,False,False,True
town7_002769.png,True,True,True,True
town7_002770.png,True,False,True,False
town7_002773.png,True,False,True,True
town7_002784.png,True,False,True,False
town7_002787.png,True,False,True,True
town7_002788.png,True,False,True,True
town7_002794.png,True,False,True,True
town7_002798.png,True,True,True,True
town7_002801.png,True,False,True,True
town7_002802.png,True,False,True,True
town7_002806.png,True,True,True,True
town7_002814.png,True,False,True,True
town7_002819.png,True,True,True,True
town7_002824.png,True,False,True,True
town7_002825.png,True,False,True,True
town7_002834.png,True,False,True,True
town7_002836.png,True,False,True,True
town7_002846.png,True,False,True,True
town7_002854.png,True,False,True,True
town7_002856.png,True,True,True,True
town7_002862.png,True,False,True,True
town7_002865.png,True,False,True,True
town7_002867.png,True,False,True,True
town7_002872.png,True,False,True,True
town7_002874.png,True,False,True,True
town7_002878.png,True,False,True,True
town7_002882.png,True,False,True,True
town7_002890.png,True,True,True,True
town7_002909.png,True,False,True,True
town7_002913.png,True,False,True,True
town7_002915.png,True,False,True,True
town7_002917.png,True,False,True,True
town7_002926.png,True,False,True,True
town7_002929.png,True,True,True,True
town7_002942.png,True,False,True,True
town7_002951.png,True,False,True,True
town7_002952.png,True,False,True,True
town7_002956.png,True,False,True,True
town7_002959.png,True,False,True,True
town7_002962.png,True,False,True,True
town7_002969.png,True,False,True,True
town7_002973.png,True,False,True,True
town7_002984.png,True,False,True,True
town7_002991.png,True,False,True,False
town7_002994.png,True,False,True,True
town7_002999.png,True,False,True,True
town7_003008.png,True,False,True,True
town7_003009.png,True,False,True,True
town7_003030.png,True,False,True,True
town7_003045.png,True,False,True,True
town7_003046.png,True,False,True,True
town7_003050.png,True,False,True,True
town7_003058.png,True,False,True,True
town7_003068.png,True,False,True,True
town7_003082.png,True,False,True,True
town7_003083.png,True,False,True,True
town7_003084.png,True,False,True,True
town7_003085.png,True,False,True,True
town7_003094.png,True,True,True,True
town7_003096.png,True,False,True,True
town7_003102.png,True,False,False,True
town7_003105.png,True,False,False,True
town7_003109.png,True,False,True,True
town7_003111.png,True,False,True,True
town7_003113.png,True,False,True,True
town7_003114.png,True,False,False,True
town7_003118.png,True,False,False,True
town7_003122.png,True,False,False,True
town7_003137.png,True,False,True,True
town7_003146.png,True,False,False,True
town7_003156.png,True,False,True,True
town7_003158.png,True,False,True,True
town7_003162.png,True,True,False,True
town7_003163.png,True,False,False,True
town7_003170.png,True,False,True,True
town7_003181.png,True,False,False,True
town7_003197.png,True,False,True,True
town7_003204.png,True,False,True,True
town7_003208.png,True,True,True,True
town7_003215.png,True,True,False,True
town7_003216.png,True,False,False,True
town7_003222.png,True,False,False,True
town7_003223.png,True,False,False,True
town7_003227.png,True,False,False,True
town7_003236.png,True,False,True,True
town7_003247.png,True,False,True,True
town7_003257.png,True,False,True,True
town7_003258.png,True,False,True,True
town7_003259.png,True,False,True,True
town7_003263.png,True,False,True,True
town7_003264.png,True,False,True,True
town7_003267.png,True,False,True,True
town7_003289.png,True,False,True,True
town7_003290.png,True,False,True,True
town7_003291.png,True,False,True,True
town7_003315.png,True,False,False,True
town7_003320.png,True,True,False,True
town7_003328.png,True,True,True,True
town7_003329.png,True,True,True,True
town7_003335.png,True,False,True,True
town7_003339.png,True,False,False,True
town7_003340.png,True,False,False,True
town7_003344.png,True,False,False,True
town7_003349.png,False,False,False,True
town7_003352.png,True,False,False,True
town7_003361.png,True,True,False,True
town7_003362.png,True,False,True,True
town7_003371.png,True,False,False,True
town7_003372.png,True,False,False,True
town7_003376.png,True,False,True,True
town7_003378.png,True,False,True,True
town7_003379.png,True,False,True,True
town7_003381.png,True,False,True,True
town7_003397.png,True,True,True,True
town7_003410.png,True,False,True,True
town7_003419.png,True,False,False,True
town7_003424.png,True,False,False,True
town7_003426.png,True,False,False,True
town7_003429.png,True,True,True,True
town7_003437.png,True,False,True,False
town7_003444.png,True,False,True,True
town7_003446.png,True,False,True,True
town7_003447.png,True,False,True,True
town7_003453.png,True,False,True,True
town7_003454.png,True,False,True,True
town7_003457.png,True,False,True,True
town7_003459.png,True,False,True,True
town7_003460.png,True,False,True,True
town7_003470.png,True,False,False,True
town7_003481.png,True,False,False,True
town7_003485.png,True,False,True,True
town7_003495.png,True,False,True,True
town7_003498.png,True,False,True,True
town7_003502.png,True,False,True,True
town7_003511.png,True,False,True,True
town7_003518.png,True,False,True,True
town7_003534.png,True,False,True,True
town7_003538.png,True,False,True,True
town7_003539.png,True,False,True,True
town7_003543.png,True,False,True,True
town7_003549.png,True,False,True,True
town7_003553.png,True,True,True,True
town7_003556.png,True,True,True,True
town7_003573.png,True,False,True,True
town7_003574.png,True,False,True,True
town7_003583.png,True,False,True,True
town7_003599.png,True,True,True,True
town7_003605.png,True,True,True,True
town7_003609.png,True,False,False,True
town7_003612.png,True,False,False,True
town7_003616.png,True,False,False,True
town7_003620.png,True,True,True,True
town7_003621.png,True,False,True,False
town7_003627.png,True,False,True,True
town7_003634.png,True,False,True,True
town7_003637.png,True,False,False,True
town7_003638.png,True,False,True,True
town7_003639.png,True,False,False,True
town7_003642.png,True,False,False,True
town7_003652.png,True,True,True,True
town7_003663.png,True,True,True,True
town7_003666.png,True,False,False,False
town7_003670.png,True,False,True,True
town7_003678.png,True,False,True,True
town7_003679.png,True,False,True,True
town7_003681.png,True,True,True,True
town7_003684.png,True,True,True,True
town7_003687.png,True,False,False,True
town7_003701.png,True,False,True,True
town7_003702.png,True,False,True,True
town7_003704.png,True,False,True,True
town7_003710.png,True,True,False,True
town7_003713.png,True,False,True,True
town7_003719.png,True,False,True,True
town7_003727.png,True,False,False,True
town7_003737.png,True,False,False,True
town7_003740.png,True,False,True,True
town7_003745.png,True,False,True,True
town7_003747.png,True,False,True,True
town7_003748.png,True,False,True,True
town7_003750.png,True,False,True,True
town7_003761.png,True,False,True,True
town7_003765.png,True,False,True,True
town7_003766.png,True,False,True,True
town7_003770.png,True,False,True,True
town7_003776.png,True,False,True,True
town7_003783.png,True,False,False,True
town7_003803.png,True,False,True,True
town7_003809.png,True,False,True,True
town7_003814.png,True,False,True,True
town7_003825.png,True,False,True,True
town7_003831.png,True,False,False,True
town7_003832.png,True,False,False,True
town7_003848.png,True,False,True,True
town7_003851.png,True,False,True,True
town7_003857.png,True,False,True,True
town7_003870.png,True,False,True,True
town7_003872.png,True,False,True,True
town7_003873.png,True,False,True,True
town7_003877.png,True,True,True,True
town7_003880.png,True,False,True,True
town7_003882.png,True,True,True,True
town7_003883.png,True,True,True,True
town7_003887.png,True,False,True,True
town7_003890.png,True,True,True,True
town7_003892.png,True,False,True,True
town7_003893.png,True,False,True,True
town7_003896.png,True,False,True,True
town7_003897.png,True,True,True,True
town7_003906.png,True,False,True,True
town7_003910.png,True,False,False,True
town7_003912.png,True,False,False,True
town7_003919.png,True,False,True,True
town7_003930.png,True,False,True,True
town7_003931.png,True,True,True,True
town7_003934.png,True,False,True,True
town7_003945.png,True,False,True,True
town7_003954.png,True,False,True,True
town7_003961.png,True,False,True,True
town7_003964.png,True,False,True,True
town7_003965.png,True,False,False,True
town7_003967.png,True,True,False,True
town7_003972.png,True,False,True,True
town7_003973.png,True,False,True,True
town7_003974.png,True,False,True,True
town7_003975.png,True,False,True,True
town7_003976.png,True,False,True,True
town7_003986.png,True,False,True,True
town7_003989.png,True,True,True,True
town7_003996.png,True,True,True,True
town7_004002.png,True,False,True,True
town7_004006.png,True,False,True,True
town7_004008.png,True,False,True,False
town7_004010.png,True,False,True,False
town7_004014.png,True,False,False,True
town7_004015.png,True,False,False,True
town7_004022.png,True,False,False,True
town7_004025.png,True,False,True,True
town7_004027.png,True,False,True,True
town7_004029.png,True,True,True,True
town7_004032.png,True,False,True,True
town7_004048.png,True,False,True,True
town7_004049.png,True,False,True,True
town7_004052.png,True,False,True,True
town7_004056.png,True,False,True,True
town7_004057.png,True,False,True,True
town7_004068.png,True,False,True,False
town7_004069.png,True,False,True,True
town7_004070.png,True,False,True,True
town7_004072.png,True,False,True,True
town7_004074.png,True,False,True,True
town7_004078.png,True,False,True,True
town7_004094.png,True,False,True,True
town7_004096.png,True,False,True,True
town7_004097.png,True,False,True,True
town7_004105.png,True,False,True,True
town7_004110.png,True,False,True,True
town7_004114.png,True,False,True,True
town7_004116.png,True,False,True,True
town7_004121.png,True,False,True,True
town7_004123.png,True,False,True,True
town7_004124.png,True,True,True,True
town7_004126.png,True,False,True,True
town7_004141.png,True,False,True,True
town7_004145.png,True,False,True,True
town7_004153.png,True,False,True,True
town7_004155.png,True,False,True,True
town7_004156.png,True,False,True,True
town7_004158.png,True,False,True,True
town7_004159.png,True,False,True,True
town7_004160.png,True,False,True,True
town7_004168.png,True,True,True,True
town7_004169.png,True,False,True,True
town7_004173.png,True,True,True,True
town7_004176.png,True,False,True,True
town7_004177.png,True,False,True,True
town7_004183.png,True,False,True,True
town7_004202.png,True,True,True,True
town7_004211.png,True,False,False,True
town7_004218.png,True,False,False,True
town7_004227.png,True,False,True,True
town7_004229.png,True,False,True,True
town7_004239.png,True,False,True,True
town7_004251.png,True,False,True,True
town7_004253.png,True,False,True,True
town7_004256.png,True,False,True,True
town7_004265.png,True,False,True,True
town7_004266.png,True,False,True,True
town7_004270.png,True,False,True,True
town7_004277.png,True,False,True,True
town7_004278.png,True,True,True,True
town7_004279.png,True,True,True,True
town7_004281.png,True,False,True,True
town7_004285.png,True,True,True,True
town7_004296.png,True,False,True,True
town7_004297.png,True,False,True,True
town7_004300.png,True,False,True,True
town7_004305.png,True,False,True,True
town7_004320.png,True,False,True,True
town7_004325.png,True,False,True,False
town7_004327.png,True,False,True,True
town7_004328.png,True,False,True,True
town7_004334.png,True,False,True,True
town7_004336.png,True,False,True,True
town7_004337.png,True,True,True,True
town7_004338.png,True,True,True,True
town7_004342.png,True,False,True,True
town7_004344.png,True,False,True,True
town7_004350.png,True,False,True,True
town7_004359.png,True,False,True,True
town7_004363.png,True,False,True,True
town7_004367.png,True,False,True,True
town7_004368.png,True,False,True,True
town7_004382.png,True,False,True,True
town7_004385.png,True,False,True,True
town7_004386.png,True,False,True,True
town7_004400.png,True,False,True,True
town7_004404.png,True,False,True,True
town7_004407.png,True,False,True,True
town7_004409.png,True,False,True,True
town7_004424.png,True,False,True,True
town7_004428.png,True,False,True,True
town7_004430.png,True,False,True,True
town7_004431.png,True,False,True,True
town7_004433.png,True,False,True,True
town7_004452.png,True,False,True,True
town7_004456.png,True,False,True,True
town7_004460.png,True,False,True,True
town7_004461.png,True,False,True,True
town7_004463.png,True,False,True,True
town7_004467.png,True,False,True,True
town7_004468.png,True,False,True,True
town7_004474.png,True,False,True,True
town7_004475.png,True,False,True,True
town7_004483.png,True,True,True,True
town7_004490.png,True,False,False,True
town7_004493.png,True,False,False,True
town7_004498.png,True,False,False,True
town7_004499.png,True,False,False,True
town7_004503.png,True,False,False,True
town7_004509.png,True,False,False,True
town7_004510.png,True,False,False,True
town7_004517.png,True,False,False,True
town7_004521.png,True,False,False,True
town7_004522.png,True,False,False,True
town7_004524.png,True,False,False,True
town7_004532.png,True,False,True,True
town7_004536.png,True,False,True,True
town7_004537.png,True,False,True,True
town7_004546.png,True,False,True,True
town7_004547.png,True,False,True,True
town7_004551.png,True,False,True,True
town7_004556.png,True,False,True,True
town7_004560.png,True,False,True,True
town7_004568.png,True,False,True,True
town7_004569.png,True,False,True,True
town7_004572.png,True,False,True,True
town7_004575.png,True,False,True,True
town7_004578.png,True,False,True,True
town7_004585.png,True,False,True,True
town7_004587.png,True,False,True,True
town7_004593.png,True,False,True,True
town7_004594.png,True,False,True,True
town7_004603.png,True,False,True,True
town7_004613.png,True,False,True,True
town7_004621.png,True,False,True,True
town7_004633.png,True,False,True,True
town7_004635.png,True,False,True,True
town7_004643.png,True,False,True,True
town7_004645.png,True,False,True,True
town7_004649.png,True,False,True,True
town7_004650.png,True,False,True,True
town7_004659.png,True,False,True,True
town7_004662.png,True,False,True,True
town7_004673.png,True,False,True,True
town7_004674.png,True,False,True,True
town7_004685.png,True,False,True,True
town7_004686.png,True,False,True,True
town7_004698.png,True,False,True,True
town7_004721.png,True,False,False,True
town7_004737.png,True,False,True,True
town7_004747.png,True,True,False,True
town7_004750.png,False,False,False,True
town7_004772.png,True,False,True,True
town7_004787.png,True,False,True,True
town7_004789.png,True,False,True,True
town7_004805.png,True,False,False,True
town7_004807.png,True,False,False,True
town7_004833.png,True,False,True,True
town7_004860.png,True,False,True,True
town7_004865.png,True,False,True,True
town7_004867.png,True,False,True,True
town7_004871.png,True,False,True,True
town7_004878.png,True,False,True,True
town7_004882.png,True,False,True,True
town7_004889.png,True,False,True,True
town7_004898.png,True,False,True,True
town7_004899.png,True,False,True,True
town7_004907.png,True,False,True,True
town7_004911.png,True,False,True,True
town7_004914.png,True,False,True,True
town7_004918.png,True,False,True,True
town7_004924.png,True,False,True,True
town7_004925.png,True,False,True,True
town7_004931.png,True,False,True,True
town7_004938.png,True,False,True,True
town7_004940.png,True,False,True,True
town7_004947.png,True,False,True,True
town7_004949.png,True,False,True,True
town7_004951.png,True,False,True,True
town7_004954.png,True,False,True,True
town7_004957.png,True,False,True,True
town7_004959.png,True,False,True,True
town7_004974.png,True,False,False,True
town7_004976.png,True,False,False,True
town7_004979.png,True,False,False,True
town7_004983.png,False,False,False,True
town7_004987.png,True,False,True,True
town7_004990.png,True,False,True,True
town7_004993.png,True,False,True,True
town7_004996.png,True,False,True,True
town7_004997.png,True,False,True,True
town7_004999.png,True,False,True,True
town7_005002.png,True,False,True,True
town7_005003.png,True,False,True,True
town7_005014.png,True,False,True,True
town7_005016.png,True,False,True,True
town7_005022.png,True,False,True,True
town7_005026.png,True,False,True,True
town7_005032.png,True,True,True,True
town7_005045.png,True,False,True,True
town7_005052.png,True,False,True,True
town7_005058.png,True,False,True,True
town7_005067.png,True,False,True,True
town7_005078.png,True,True,False,True
town7_005079.png,True,False,False,True
town7_005081.png,True,False,False,True
town7_005083.png,True,False,False,True
town7_005090.png,True,False,True,True
town7_005094.png,True,True,True,True
town7_005104.png,True,False,True,True
town7_005105.png,True,False,True,True
town7_005106.png,True,False,True,True
town7_005108.png,True,False,True,True
town7_005113.png,True,False,True,True
town7_005122.png,True,False,True,True
town7_005124.png,True,True,True,True
town7_005126.png,True,False,False,True
town7_005131.png,True,False,True,True
town7_005135.png,True,False,True,True
town7_005152.png,True,False,False,True
town7_005159.png,True,False,False,True
town7_005163.png,True,False,True,True
town7_005167.png,True,True,True,True
town7_005171.png,True,False,True,True
town7_005172.png,True,False,True,True
town7_005180.png,True,False,True,True
town7_005181.png,True,False,True,True
town7_005206.png,True,False,True,True
town7_005207.png,True,False,True,True
town7_005212.png,True,False,True,True
town7_005220.png,True,False,True,True
town7_005222.png,True,False,True,True
town7_005224.png,True,False,True,True
town7_005229.png,True,False,True,True
town7_005235.png,True,False,True,True
town7_005236.png,True,False,True,True
town7_005237.png,True,False,True,True
town7_005243.png,True,False,False,True
town7_005244.png,True,False,False,True
town7_005245.png,True,False,False,True
town7_005246.png,True,False,False,True
town7_005251.png,True,False,True,True
town7_005259.png,True,False,True,True
town7_005262.png,True,False,True,True
town7_005266.png,True,False,True,True
town7_005267.png,True,False,True,True
town7_005275.png,True,False,True,True
town7_005280.png,True,False,True,True
town7_005283.png,True,False,True,True
town7_005285.png,True,False,True,True
town7_005296.png,True,False,True,True
town7_005298.png,True,False,True,True
town7_005306.png,True,False,True,True
town7_005313.png,True,False,False,True
town7_005325.png,True,False,True,True
town7_005342.png,True,False,True,True
town7_005345.png,True,False,True,True
town7_005359.png,True,False,True,True
town7_005363.png,True,False,True,True
town7_005364.png,True,False,True,True
town7_005367.png,True,False,False,True
town7_005369.png,True,False,True,True
town7_005380.png,True,True,True,True
town7_005384.png,True,False,True,True
town7_005385.png,True,False,True,True
town7_005388.png,True,False,True,True
town7_005389.png,True,False,True,True
town7_005397.png,True,True,True,True
town7_005399.png,True,False,True,True
town7_005411.png,True,True,True,True
town7_005415.png,True,False,False,True
town7_005435.png,True,False,True,True
town7_005437.png,True,False,True,True
town7_005449.png,True,False,False,True
town7_005453.png,True,False,False,True
town7_005455.png,True,False,False,True
town7_005456.png,True,True,False,True
town7_005460.png,True,False,True,True
town7_005464.png,True,False,True,True
town7_005467.png,True,True,True,True
town7_005474.png,True,False,True,True
town7_005475.png,True,False,True,True
town7_005481.png,True,False,True,True
town7_005490.png,True,False,True,True
town7_005497.png,True,False,True,True
town7_005508.png,True,True,True,True
town7_005513.png,True,False,True,True
town7_005530.png,True,False,True,True
town7_005532.png,True,False,True,True
town7_005547.png,True,True,True,True
town7_005553.png,True,False,True,True
town7_005559.png,True,False,True,True
town7_005565.png,True,False,True,True
town7_005569.png,True,False,True,True
town7_005572.png,True,False,True,True
town7_005573.png,True,False,True,True
town7_005581.png,True,False,True,True
town7_005582.png,True,False,True,True
town7_005588.png,True,False,False,True
town7_005593.png,True,False,False,True
town7_005598.png,True,False,True,True
town7_005601.png,True,False,True,True
town7_005605.png,True,False,True,True
town7_005607.png,True,False,True,True
town7_005612.png,True,False,True,True
town7_005613.png,True,False,True,True
town7_005616.png,True,True,True,True
town7_005621.png,True,False,True,True
town7_005626.png,True,False,True,True
town7_005635.png,True,False,True,True
town7_005651.png,True,False,True,True
town7_005666.png,True,False,True,True
town7_005672.png,True,False,True,True
town7_005676.png,True,False,True,True
town7_005679.png,True,False,True,True
town7_005682.png,True,False,True,True
town7_005684.png,True,False,True,True
town7_005689.png,True,False,True,True
town7_005694.png,True,True,True,True
town7_005699.png,True,False,True,True
town7_005702.png,True,False,True,True
town7_005713.png,True,False,True,True
town7_005720.png,True,False,True,True
town7_005725.png,True,False,True,True
town7_005727.png,True,False,True,True
town7_005729.png,True,False,True,True
town7_005771.png,True,False,True,True
town7_005772.png,True,False,True,True
town7_005774.png,True,False,True,True
town7_005776.png,True,False,True,True
town7_005795.png,True,False,True,True
town7_005802.png,True,False,True,True
town7_005807.png,True,True,True,True
town7_005809.png,True,True,True,True
town7_005811.png,True,False,False,True
town7_005812.png,True,False,True,True
town7_005813.png,True,False,True,True
town7_005815.png,True,False,True,True
town7_005818.png,True,False,True,True
town7_005821.png,True,False,True,True
town7_005839.png,True,False,True,True
town7_005850.png,True,False,True,True
town7_005857.png,True,False,True,True
town7_005867.png,True,True,True,True
town7_005870.png,True,False,True,True
town7_005875.png,True,False,True,True
town7_005877.png,True,False,True,True
town7_005880.png,True,False,True,True
town7_005890.png,True,False,True,True
town7_005891.png,True,False,True,True
town7_005894.png,True,False,True,True
town7_005900.png,True,False,True,True
town7_005904.png,True,False,True,True
town7_005907.png,True,False,True,True
town7_005910.png,True,False,True,True
town7_005915.png,True,False,True,True
town7_005916.png,True,False,True,True
town7_005921.png,True,False,True,True
town7_005926.png,True,False,True,True
town7_005928.png,True,False,True,True
town7_005931.png,True,False,True,True
town7_005938.png,True,False,True,True
town7_005942.png,True,False,True,True
town7_005943.png,True,False,True,True
town7_005952.png,True,False,True,True
town7_005956.png,True,False,True,True
town7_005964.png,True,False,True,True
town7_005968.png,True,False,True,True
town7_005969.png,True,False,True,True
town7_005971.png,True,False,True,True
town7_005972.png,True,False,True,True
town7_005973.png,True,False,True,True
town7_005975.png,True,False,True,True
town7_005980.png,True,False,True,True
town7_005989.png,True,False,True,True
town7_005994.png,True,False,True,True
town7_005995.png,True,True,True,True
town7_006015.png,True,False,True,True
town7_006042.png,True,False,False,True
town7_006049.png,True,False,False,True
town7_006054.png,True,True,True,True
town7_006055.png,True,False,False,False
town7_006058.png,True,False,False,False
town7_006059.png,True,False,False,True
town7_006060.png,True,False,False,True
town7_006061.png,True,False,True,True
town7_006064.png,True,True,True,True
town7_006072.png,True,False,False,True
town7_006084.png,True,False,False,True
town7_006086.png,True,False,False,True
town7_006087.png,True,True,True,True
town7_006097.png,True,True,True,True
town7_006099.png,True,True,True,True
town7_006102.png,True,False,True,True
town7_006110.png,True,False,True,True
town7_006112.png,True,False,True,True
town7_006114.png,True,False,True,True
town7_006117.png,True,False,True,True
town7_006121.png,True,False,True,True
town7_006122.png,True,False,True,True
town7_006123.png,True,False,True,True
town7_006127.png,True,False,True,True
town7_006138.png,True,False,True,True
town7_006152.png,True,False,True,True
town7_006163.png,True,False,False,True
town7_006168.png,True,False,False,True
town7_006172.png,True,False,True,True
town7_006173.png,True,False,True,True
town7_006176.png,True,False,True,True
town7_006177.png,True,True,True,True
town7_006178.png,True,True,False,True
town7_006184.png,True,False,False,True
town7_006192.png,True,False,True,True
town7_006194.png,True,False,True,True
town7_006203.png,True,True,False,True
town7_006215.png,True,False,True,True
town7_006218.png,False,False,False,True
town7_006222.png,True,False,True,True
town7_006230.png,True,False,True,True
town7_006235.png,True,False,True,True
town7_006236.png,True,True,True,True
town7_006245.png,True,False,False,True
town7_006247.png,True,True,False,True
town7_006256.png,True,False,False,True
town7_006258.png,True,False,False,True
town7_006263.png,True,False,False,True
town7_006265.png,True,False,False,True
town7_006270.png,True,False,True,True
town7_006272.png,True,False,True,True
town7_006279.png,True,False,False,True
town7_006281.png,True,False,False,True
town7_006284.png,True,False,True,True
town7_006286.png,True,False,False,True
town7_006287.png,True,False,False,True
town7_006293.png,True,False,False,True
town7_006296.png,True,True,True,True
town7_006299.png,True,True,True,True
town7_006300.png,True,False,True,True
town7_006305.png,True,False,True,True
town7_006312.png,True,False,True,True
town7_006316.png,True,False,True,True
town7_006327.png,True,False,False,True
town7_006338.png,True,False,True,True
town7_006340.png,True,False,True,False
town7_006346.png,True,False,True,True
town7_006363.png,True,False,True,True
town7_006374.png,True,False,True,True
town7_006375.png,True,False,True,True
town7_006387.png,True,True,True,True
town7_006390.png,True,False,True,True
town7_006392.png,True,False,True,True
town7_006401.png,True,False,True,True
town7_006408.png,True,True,True,True
town7_006409.png,True,False,True,True
town7_006426.png,True,False,True,True
town7_006427.png,True,False,True,True
town7_006428.png,True,False,True,True
town7_006436.png,True,False,True,True
town7_006438.png,True,False,True,True
town7_006440.png,True,False,True,True
town7_006441.png,True,False,True,True
town7_006449.png,True,False,True,True
town7_006456.png,True,False,True,True
town7_006459.png,True,False,True,True
town7_006462.png,True,False,True,True
town7_006465.png,True,False,True,True
town7_006473.png,True,False,True,True
town7_006474.png,True,False,True,True
town7_006476.png,True,False,True,True
town7_006479.png,True,False,True,True
town7_006482.png,True,False,True,True
town7_006486.png,True,True,True,True
town7_006501.png,True,False,True,True
town7_006502.png,True,False,True,True
town7_006505.png,True,False,True,True
town7_006514.png,True,False,True,True
town7_006516.png,True,False,True,True
town7_006518.png,True,False,True,True
town7_006521.png,True,False,True,True
town7_006526.png,True,False,True,True
town7_006527.png,True,False,True,True
town7_006533.png,True,False,True,True
town7_006537.png,True,False,True,True
town7_006538.png,True,True,True,True
town7_006539.png,True,False,True,True
town7_006545.png,True,False,False,True
town7_006548.png,True,False,False,True
town7_006558.png,True,True,True,True
town7_006575.png,True,False,True,True
town7_006586.png,True,True,True,True
town7_006592.png,True,False,False,True
town7_006593.png,True,False,True,True
town7_006615.png,True,False,True,True
town7_006618.png,True,False,True,True
town7_006621.png,True,False,True,True
town7_006628.png,True,False,True,False
town7_006629.png,True,False,True,True
town7_006632.png,True,False,True,True
town7_006634.png,True,True,True,True
town7_006639.png,True,False,True,True
town7_006655.png,True,False,True,True
town7_006656.png,True,False,True,True
town7_006657.png,True,False,True,True
town7_006661.png,True,False,True,True
town7_006667.png,True,False,True,True
town7_006675.png,True,False,True,True
town7_006676.png,True,False,True,True
town7_006677.png,True,False,True,True
town7_006680.png,True,False,True,True
town7_006687.png,True,False,True,True
town7_006689.png,True,False,True,True
town7_006690.png,True,True,True,True
town7_006691.png,True,True,True,True
town7_006706.png,True,True,False,True
town7_006711.png,True,True,True,True
town7_006724.png,True,False,True,True
town7_006726.png,True,False,True,False
town7_006728.png,True,True,True,True
town7_006733.png,True,False,True,True
town7_006737.png,True,False,True,True
town7_006738.png,True,False,True,True
town7_006755.png,True,False,True,True
town7_006758.png,True,False,True,True
town7_006764.png,True,False,True,True
town7_006770.png,True,False,True,True
town7_006774.png,True,False,True,True
town7_006779.png,True,False,True,True
town7_006782.png,True,False,True,True
town7_006785.png,True,False,True,True
town7_006788.png,True,False,True,True
town7_006789.png,True,False,True,True
town7_006790.png,True,False,True,True
town7_006792.png,True,False,True,True
town7_006796.png,True,False,True,True
town7_006804.png,True,False,True,True
town7_006809.png,True,False,True,True
town7_006813.png,True,False,True,True
town7_006825.png,True,False,True,True
town7_006826.png,True,False,True,True
town7_006833.png,True,False,True,True
town7_006834.png,True,False,True,True
town7_006842.png,True,False,False,True
town7_006852.png,True,False,True,True
town7_006854.png,True,False,True,True
town7_006866.png,True,True,True,True
town7_006868.png,True,True,True,True
town7_006873.png,True,True,True,True
town7_006875.png,True,True,True,True
town7_006891.png,True,False,True,True
town7_006892.png,True,False,True,True
town7_006893.png,True,False,True,True
town7_006894.png,True,False,True,True
town7_006895.png,True,False,False,True
town7_006897.png,True,False,True,True
town7_006901.png,True,False,True,True
town7_006902.png,True,False,True,True
town7_006906.png,True,False,True,True
town7_006912.png,True,False,True,True
town7_006916.png,True,False,True,True
town7_006918.png,True,False,True,True
town7_006921.png,True,False,True,True
town7_006924.png,True,False,True,True
town7_006929.png,True,False,True,True
town7_006932.png,True,False,True,True
town7_006935.png,True,False,True,True
town7_006936.png,True,False,True,True
town7_006945.png,True,False,True,True
town7_006946.png,True,False,True,True
town7_006953.png,True,False,True,True
town7_006954.png,True,False,True,True
town7_006960.png,True,False,True,True
town7_006962.png,True,True,True,True
town7_006965.png,True,False,True,True
town7_006973.png,True,False,False,True
town7_006981.png,True,True,True,True
town7_006986.png,True,False,True,True
town7_006988.png,True,False,True,True
town7_006990.png,True,False,True,True
town7_007003.png,True,False,True,True
town7_007010.png,True,False,True,True
town7_007022.png,True,False,True,True
town7_007024.png,True,True,True,True
town7_007028.png,True,False,True,True
town7_007036.png,True,False,True,True
town7_007043.png,True,False,True,True
town7_007053.png,True,False,True,True
town7_007058.png,True,False,True,True
town7_007068.png,True,False,False,True
town7_007070.png,True,False,False,True
town7_007076.png,True,False,True,True
town7_007079.png,True,False,True,True
town7_007082.png,True,False,True,True
town7_007083.png,True,False,True,True
town7_007084.png,True,False,True,True
town7_007088.png,True,False,True,True
town7_007093.png,True,False,True,True
town7_007100.png,True,False,True,True
town7_007101.png,True,False,True,True
town7_007110.png,True,False,True,True
town7_007123.png,True,False,True,True
town7_007129.png,True,True,True,True
town7_007131.png,True,False,True,True
town7_007132.png,True,False,True,True
town7_007140.png,True,False,True,True
town7_007144.png,True,False,True,True
town7_007151.png,True,False,True,True
town7_007152.png,True,False,True,True
town7_007153.png,True,False,True,True
town7_007154.png,True,False,True,True
town7_007157.png,True,False,True,True
town7_007162.png,True,False,True,True
town7_007166.png,True,False,True,True
town7_007169.png,True,False,True,True
town7_007171.png,True,False,True,True
town7_007172.png,True,False,True,True
town7_007176.png,True,False,True,True
town7_007189.png,True,False,True,True
town7_007198.png,True,False,True,True
town7_007203.png,True,False,True,True
town7_007207.png,True,False,True,True
town7_007211.png,True,False,True,True
town7_007215.png,True,False,True,True
town7_007217.png,True,False,True,True
town7_007233.png,True,False,True,True
town7_007236.png,True,False,True,True
town7_007249.png,True,False,True,True
town7_007255.png,True,False,True,True
town7_007266.png,True,False,True,True
town7_007275.png,True,False,True,True
town7_007276.png,True,False,True,False
town7_007277.png,True,False,True,False
town7_007278.png,True,False,True,True
town7_007283.png,True,False,True,True
town7_007285.png,True,False,True,True
town7_007299.png,True,False,True,True
town7_007315.png,True,False,True,True
town7_007317.png,True,False,True,True
town7_007318.png,True,False,True,True
town7_007321.png,True,False,True,True
town7_007322.png,True,False,True,True
town7_007324.png,True,False,True,True
town7_007326.png,True,False,True,True
town7_007327.png,True,False,True,True
town7_007333.png,True,False,True,True
town7_007337.png,True,False,True,True
town7_007339.png,True,False,True,True
town7_007353.png,True,False,True,True
town7_007356.png,True,False,True,True
town7_007359.png,True,False,True,False
town7_007360.png,True,False,True,True
town7_007364.png,True,False,True,True
town7_007372.png,True,False,True,True
town7_007373.png,True,False,True,False
town7_007375.png,True,False,True,True
town7_007380.png,True,False,True,True
town7_007382.png,True,False,True,False
town7_007393.png,True,False,True,True
town7_007395.png,True,False,True,True
town7_007398.png,True,False,True,False
town7_007405.png,True,False,True,True
town7_007413.png,True,False,True,True
town7_007418.png,True,False,True,True
town7_007425.png,True,False,True,True
town7_007429.png,True,False,True,True
town7_007430.png,True,False,True,True
town7_007433.png,True,False,True,True
town7_007438.png,True,False,True,True
town7_007440.png,True,False,True,True
town7_007446.png,True,False,True,True
town7_007449.png,True,False,True,True
town7_007467.png,True,False,False,True
town7_007474.png,True,False,True,True
town7_007481.png,True,False,True,True
town7_007488.png,True,True,True,True
town7_007494.png,True,True,True,True
town7_007495.png,True,True,True,True
town7_007496.png,True,True,True,True
town7_007498.png,True,True,True,True
town7_007500.png,True,True,True,True
town7_007504.png,True,True,True,True
town7_007505.png,True,True,True,True
town7_007507.png,True,False,True,True
town7_007508.png,True,False,True,True
town7_007516.png,True,False,True,True
town7_007520.png,True,False,True,True
town7_007521.png,True,False,True,True
town7_007526.png,True,False,True,True
town7_007531.png,True,False,True,True
town7_007538.png,True,False,True,True
town7_007546.png,True,False,True,True
town7_007570.png,True,False,False,True
town7_007573.png,True,False,False,True
town7_007574.png,True,False,False,True
town7_007580.png,True,False,True,True
town7_007586.png,True,False,True,True
town7_007590.png,True,False,True,True
town7_007593.png,True,False,True,True
town7_007596.png,True,False,True,True
town7_007597.png,True,False,True,True
town7_007600.png,True,False,False,True
town7_007612.png,True,False,True,True
town7_007625.png,True,False,True,True
town7_007626.png,True,False,True,True
town7_007631.png,True,False,True,True
town7_007635.png,True,False,True,True
town7_007638.png,True,False,True,True
town7_007649.png,True,False,True,True
town7_007653.png,True,False,True,True
town7_007658.png,True,False,True,True
town7_007662.png,True,False,True,True
town7_007670.png,True,False,True,True
town7_007673.png,True,False,True,False
town7_007674.png,True,False,True,True
town7_007675.png,True,False,True,True
town7_007679.png,True,False,True,False
town7_007680.png,True,False,True,True
town7_007681.png,True,False,True,True
town7_007688.png,True,False,True,True
town7_007689.png,True,False,True,True
town7_007693.png,True,False,True,True
town7_007704.png,True,False,True,True
town7_007706.png,True,False,True,True
town7_007709.png,True,False,True,True
town7_007712.png,True,False,True,True
town7_007714.png,True,False,True,True
town7_007715.png,True,False,True,True
town7_007719.png,True,False,True,True
town7_007726.png,True,False,True,True
town7_007732.png,True,False,True,True
town7_007734.png,True,False,True,True
town7_007737.png,True,True,False,True
town7_007742.png,True,False,False,True
town7_007756.png,True,False,False,True
town7_007759.png,True,False,False,True
town7_007763.png,True,False,True,True
town7_007777.png,True,False,True,True
town7_007778.png,True,False,True,True
town7_007792.png,True,False,True,True
town7_007793.png,True,False,True,True
town7_007794.png,True,False,True,True
town7_007795.png,True,False,True,True
town7_007802.png,True,False,True,True
town7_007804.png,True,False,True,True
town7_007812.png,True,False,True,True
town7_007815.png,True,False,True,True
town7_007820.png,True,False,True,True
town7_007831.png,True,False,True,True
town7_007840.png,True,False,True,True
town7_007841.png,True,False,True,True
town7_007844.png,True,False,True,True
town7_007845.png,True,False,True,True
town7_007854.png,True,False,True,True
town7_007858.png,True,False,True,True
town7_007864.png,True,False,True,True
town7_007868.png,True,False,False,True
town7_007878.png,True,False,True,True
town7_007880.png,True,True,False,True
town7_007882.png,True,False,False,True
town7_007883.png,True,False,False,True
town7_007885.png,True,False,False,True
town7_007891.png,True,False,False,True
town7_007901.png,True,True,True,True
town7_007902.png,True,True,False,True
town7_007907.png,True,False,False,True
town7_007909.png,True,False,False,True
town7_007913.png,True,False,False,True
town7_007915.png,True,False,False,True
town7_007920.png,True,False,True,True
town7_007924.png,True,False,True,True
town7_007926.png,True,False,True,True
town7_007931.png,True,False,True,True
town7_007932.png,True,False,True,True
town7_007940.png,True,False,True,True
town7_007943.png,True,False,True,True
town7_007944.png,True,False,True,True
town7_007946.png,True,False,True,True
town7_007947.png,True,False,True,True
town7_007949.png,True,False,True,True
town7_007957.png,True,False,True,True
town7_007960.png,True,False,True,True
town7_007964.png,True,False,True,True
town7_007971.png,True,False,True,True
town7_007972.png,True,False,True,True
town7_007973.png,True,False,True,True
town7_007977.png,True,False,True,True
town7_007985.png,True,False,True,True
town7_007988.png,True,False,True,True
town7_007992.png,True,False,True,True
town7_007998.png,True,False,True,True
town7_008005.png,True,False,True,True
town7_008006.png,True,False,True,True
town7_008013.png,True,False,True,True
town7_008018.png,True,False,False,True
town7_008019.png,True,False,False,True
town7_008025.png,False,False,False,True
town7_008026.png,True,False,False,True
town7_008027.png,True,False,False,True
town7_008028.png,True,False,False,True
town7_008032.png,True,False,True,True
town7_008033.png,True,False,True,True
town7_008035.png,True,False,True,True
town7_008037.png,True,True,False,True
town7_008044.png,True,False,True,True
town7_008053.png,True,False,True,True
town7_008055.png,True,False,True,True
town7_008057.png,True,False,True,True
town7_008060.png,True,False,True,True
town7_008063.png,True,False,True,True
town7_008067.png,True,True,False,True
town7_008089.png,True,False,False,True
town7_008092.png,True,False,True,True
town7_008100.png,True,False,True,True
town7_008108.png,True,False,True,True
town7_008122.png,True,False,False,True
town7_008126.png,True,False,False,True
town7_008128.png,True,False,False,True
town7_008143.png,True,False,True,True
town7_008152.png,True,False,True,True
town7_008158.png,True,False,True,True
town7_008161.png,True,False,True,True
town7_008165.png,True,False,True,True
town7_008167.png,True,False,True,True
town7_008168.png,True,False,True,True
town7_008172.png,True,False,True,True
town7_008178.png,True,False,True,True
town7_008181.png,True,False,True,True
town7_008187.png,True,False,True,True
town7_008195.png,True,False,True,True
town7_008199.png,True,False,True,True
town7_008225.png,True,False,True,True
town7_008226.png,True,False,True,True
town7_008227.png,True,False,True,True
town7_008236.png,True,False,True,True
town7_008244.png,True,False,True,True
town7_008247.png,True,False,True,True
town7_008256.png,True,False,True,True
town7_008257.png,True,False,True,True
town7_008258.png,True,False,True,True
town7_008259.png,True,False,True,True
town7_008261.png,True,False,True,True
town7_008264.png,True,False,True,True
town7_008268.png,True,False,True,True
town7_008271.png,True,False,True,True
town7_008287.png,True,True,False,True
town7_008292.png,True,False,False,True
town7_008293.png,True,False,False,True
town7_008294.png,True,False,False,True
town7_008300.png,True,False,False,True
town7_008301.png,False,False,False,True
town7_008311.png,True,False,True,True
town7_008318.png,True,False,True,True
town7_008320.png,True,False,True,False
town7_008324.png,True,False,True,True
town7_008328.png,True,False,True,True
town7_008332.png,True,False,True,True
town7_008333.png,True,False,True,True
town7_008336.png,True,False,True,True
town7_008337.png,True,False,True,True
town7_008343.png,True,False,True,True
town7_008346.png,True,False,True,True
town7_008349.png,True,False,True,True
town7_008352.png,True,False,True,True
town7_008355.png,True,False,False,True
town7_008356.png,True,False,True,True
town7_008358.png,True,False,True,True
town7_008360.png,True,False,True,True
town7_008367.png,True,False,True,True
town7_008371.png,True,False,True,True
town7_008375.png,True,False,True,True
town7_008380.png,True,False,True,True
town7_008383.png,True,False,True,True
town7_008389.png,True,False,True,True
town7_008391.png,True,False,True,True
town7_008392.png,True,False,True,True
town7_008395.png,True,False,True,True
town7_008398.png,True,False,True,True
town7_008399.png,True,False,True,True
town7_008404.png,True,True,True,True
town7_008406.png,True,False,True,True
town7_008408.png,True,False,True,True
town7_008417.png,True,False,True,True
town7_008420.png,True,False,True,True
town7_008430.png,True,False,True,True
town7_008448.png,True,False,True,True
town7_008459.png,True,False,True,True
town7_008460.png,True,False,True,True
town7_008471.png,True,False,True,True
town7_008480.png,True,False,True,True
town7_008504.png,True,False,True,True
town7_008508.png,True,False,True,True
town7_008526.png,True,False,True,True
town7_008527.png,True,False,True,True
town7_008531.png,True,False,True,True
town7_008532.png,True,False,True,True
town7_008533.png,True,False,True,True
town7_008534.png,True,False,True,True
town7_008535.png,True,False,True,True
town7_008538.png,True,False,True,True
town7_008540.png,True,False,True,True
town7_008544.png,True,False,True,True
town7_008551.png,True,False,True,True
town7_008559.png,True,False,True,True
town7_008563.png,True,True,True,True
town7_008570.png,True,False,True,True
town7_008576.png,True,False,True,True
town7_008583.png,True,False,True,True
town7_008586.png,True,True,True,True
town7_008596.png,True,True,True,True
town7_008598.png,True,False,True,True
town7_008603.png,True,False,True,True
town7_008604.png,True,False,True,False
town7_008607.png,True,False,True,True
town7_008611.png,True,False,True,True
town7_008615.png,True,False,True,True
town7_008617.png,True,False,True,True
town7_008619.png,True,False,True,True
town7_008622.png,True,False,True,True
town7_008626.png,True,False,True,True
town7_008629.png,True,False,True,False
town7_008631.png,True,False,True,True
town7_008636.png,True,False,True,True
town7_008639.png,True,False,True,True
town7_008648.png,True,True,True,True
town7_008662.png,True,False,True,True
town7_008664.png,True,False,True,True
town7_008669.png,True,False,True,False
town7_008673.png,True,False,True,True
town7_008675.png,True,False,True,True
town7_008692.png,True,False,True,True
town7_008694.png,True,True,True,True
town7_008704.png,True,False,False,True
town7_008705.png,True,False,True,False
town7_008707.png,True,False,True,True
town7_008709.png,True,False,True,True
town7_008713.png,True,False,True,True
town7_008714.png,True,False,True,True
town7_008716.png,True,False,True,True
town7_008717.png,True,False,True,True
town7_008718.png,True,False,True,True
town7_008720.png,True,False,True,True
town7_008723.png,True,False,True,True
town7_008729.png,True,False,True,True
town7_008737.png,True,False,True,True
town7_008738.png,True,False,True,True
town7_008739.png,True,False,True,True
town7_008741.png,True,False,True,True
town7_008753.png,True,False,True,True
town7_008755.png,True,False,True,True
town7_008761.png,True,False,True,True
town7_008762.png,True,False,True,True
town7_008774.png,True,False,True,True
town7_008776.png,True,False,True,True
town7_008779.png,True,False,True,True
town7_008795.png,True,False,True,True
town7_008804.png,True,False,True,True
town7_008822.png,True,False,True,True
town7_008841.png,True,False,False,True
town7_008842.png,True,False,False,True
town7_008843.png,True,False,False,True
town7_008853.png,True,False,False,True
town7_008854.png,True,False,False,True
town7_008857.png,True,False,True,True
town7_008869.png,True,False,True,True
town7_008884.png,True,True,True,True
town7_008892.png,True,True,True,True
town7_008895.png,True,False,True,True
town7_008900.png,True,False,True,True
town7_008909.png,True,False,True,True
town7_008915.png,True,False,False,True
town7_008920.png,True,False,False,True
town7_008922.png,True,False,False,True
town7_008928.png,True,False,False,True
town7_008932.png,True,False,False,True
town7_008933.png,True,False,False,True
town7_008940.png,True,False,False,True
town7_008943.png,True,False,False,True
town7_008946.png,True,False,False,True
town7_008950.png,True,False,False,True
town7_008952.png,True,False,False,True
town7_008960.png,True,False,True,True
town7_008961.png,True,False,True,True
town7_008964.png,True,False,True,True
town7_008967.png,True,False,True,True
town7_008988.png,True,False,True,True
town7_008990.png,True,False,True,True
town7_008992.png,True,False,True,True
town7_008996.png,True,False,True,True
town7_008999.png,True,False,True,True
town7_009007.png,True,False,True,True
town7_009009.png,True,False,True,True
town7_009013.png,True,False,True,True
town7_009016.png,True,False,True,True
town7_009024.png,True,False,True,True
town7_009025.png,True,False,True,True
town7_009026.png,True,False,True,True
town7_009028.png,True,False,True,True
town7_009037.png,True,False,True,True
town7_009039.png,True,False,True,True
town7_009045.png,True,False,True,True
town7_009050.png,True,False,False,True
town7_009055.png,True,False,True,True
town7_009058.png,True,False,False,True
town7_009063.png,True,False,False,True
town7_009068.png,True,False,False,True
town7_009070.png,True,False,True,True
town7_009074.png,True,False,True,True
town7_009078.png,True,False,False,True
town7_009083.png,True,False,True,True
town7_009085.png,True,False,True,True
town7_009087.png,True,False,True,True
town7_009088.png,True,False,True,True
town7_009092.png,True,False,True,True
town7_009093.png,True,False,True,True
town7_009094.png,True,False,True,True
town7_009099.png,True,False,True,True
town7_009102.png,True,True,True,True
town7_009103.png,True,False,True,True
town7_009104.png,True,True,False,True
town7_009105.png,True,False,False,True
town7_009106.png,True,False,False,True
town7_009115.png,True,False,False,True
town7_009118.png,True,False,True,True
town7_009127.png,True,False,False,True
town7_009128.png,True,False,True,True
town7_009129.png,True,False,True,True
town7_009133.png,True,False,True,False
town7_009148.png,True,False,True,True
town7_009150.png,True,False,True,True
town7_009152.png,True,False,False,True
town7_009153.png,False,False,False,True
town7_009158.png,True,False,False,True
town7_009163.png,True,False,False,True
town7_009166.png,True,False,False,True
town7_009175.png,True,False,True,True
town7_009179.png,True,False,True,True
town7_009183.png,True,False,True,True
town7_009187.png,True,False,True,True
town7_009190.png,True,False,True,True
town7_009191.png,True,False,True,True
town7_009202.png,True,False,True,True
town7_009203.png,True,False,True,True
town7_009205.png,True,False,True,True
town7_009209.png,True,False,True,True
town7_009211.png,True,False,True,True
town7_009213.png,True,False,True,True
town7_009214.png,True,False,True,True
town7_009216.png,True,False,True,True
town7_009222.png,True,False,True,True
town7_009231.png,True,False,True,True
town7_009238.png,True,False,True,True
town7_009239.png,True,False,True,True
town7_009244.png,True,False,True,True
town7_009248.png,True,False,True,True
town7_009250.png,True,False,True,True
town7_009256.png,True,False,True,True
town7_009259.png,True,False,True,True
town7_009260.png,True,False,True,True
town7_009264.png,True,False,True,True
town7_009266.png,True,False,True,True
town7_009271.png,True,False,True,True
town7_009273.png,True,False,True,True
town7_009277.png,True,False,True,True
town7_009292.png,True,False,True,True
town7_009293.png,True,False,True,True
town7_009300.png,True,False,True,True
town7_009318.png,True,False,True,True
town7_009322.png,True,False,True,True
town7_009333.png,True,False,False,True
town7_009338.png,True,False,True,False
town7_009341.png,True,False,True,False
town7_009346.png,True,False,True,True
town7_009353.png,True,False,False,True
town7_009358.png,True,False,False,True
town7_009361.png,True,False,False,True
town7_009362.png,False,False,False,True
town7_009364.png,False,False,False,True
town7_009371.png,True,True,True,True
town7_009373.png,True,True,True,True
town7_009376.png,True,True,False,True
town7_009383.png,True,False,False,True
town7_009385.png,True,False,False,True
town7_009389.png,True,False,False,True
town7_009397.png,True,False,True,True
town7_009411.png,True,False,False,True
town7_009412.png,True,False,True,True
town7_009416.png,True,False,False,True
town7_009418.png,True,False,True,True
town7_009434.png,True,False,False,True
town7_009435.png,True,False,False,True
town7_009445.png,True,False,True,True
town7_009449.png,True,False,True,True
town7_009453.png,True,False,True,True
town7_009454.png,True,False,True,True
town7_009458.png,True,False,True,True
town7_009460.png,True,False,True,True
town7_009466.png,True,False,True,True
town7_009467.png,True,False,True,True
town7_009472.png,True,False,True,True
town7_009498.png,True,False,True,True
town7_009503.png,True,False,True,True
town7_009509.png,True,False,True,True
town7_009514.png,True,False,True,True
town7_009523.png,True,False,True,True
town7_009525.png,True,False,True,True
town7_009527.png,True,False,True,True
town7_009537.png,True,False,True,True
town7_009554.png,True,False,True,True
town7_009556.png,True,False,True,True
town7_009558.png,True,False,True,True
town7_009562.png,True,True,True,True
town7_009571.png,True,True,True,True
town7_009576.png,True,False,True,True
town7_009580.png,True,True,True,True
town7_009582.png,True,False,True,True
town7_009588.png,True,False,False,True
town7_009592.png,True,False,False,True
town7_009597.png,True,False,True,True
town7_009598.png,True,False,True,True
town7_009604.png,True,False,True,True
town7_009611.png,True,False,True,True
town7_009612.png,True,False,True,True
town7_009613.png,True,False,True,True
town7_009614.png,True,False,True,False
town7_009617.png,True,False,True,True
town7_009628.png,True,False,True,True
town7_009629.png,True,False,True,True
town7_009633.png,True,False,True,True
town7_009637.png,True,False,True,True
town7_009645.png,True,False,True,True
town7_009646.png,True,False,True,True
town7_009648.png,True,False,True,True
town7_009650.png,True,False,False,True
town7_009663.png,True,False,True,True
town7_009665.png,True,False,True,True
town7_009680.png,True,False,True,True
town7_009681.png,True,False,True,False
town7_009682.png,True,False,True,True
town7_009684.png,True,False,True,True
town7_009689.png,True,False,True,True
town7_009696.png,True,False,True,True
town7_009698.png,True,False,True,True
town7_009707.png,True,False,True,False
town7_009720.png,True,False,False,True
town7_009726.png,True,False,True,True
town7_009728.png,True,False,True,True
town7_009735.png,True,False,True,True
town7_009736.png,True,False,True,True
town7_009748.png,True,False,True,True
town7_009754.png,True,False,True,True
town7_009756.png,True,False,True,True
town7_009762.png,True,False,True,True
town7_009765.png,True,False,True,True
town7_009767.png,True,False,True,True
town7_009769.png,True,False,True,True
town7_009772.png,True,False,True,True
town7_009778.png,True,False,True,True
town7_009783.png,True,False,True,True
town7_009785.png,True,False,True,True
town7_009787.png,True,False,True,True
town7_009808.png,True,True,True,True
town7_009809.png,True,False,True,True
town7_009810.png,True,False,True,True
town7_009812.png,True,False,True,True
town7_009817.png,True,False,True,True
town7_009824.png,True,False,True,True
town7_009825.png,True,False,True,True
town7_009827.png,True,False,True,True
town7_009832.png,True,False,True,True
town7_009846.png,True,False,True,True
town7_009864.png,True,False,True,True
town7_009869.png,True,False,True,True
town7_009875.png,True,False,True,True
town7_009883.png,True,False,True,True
town7_009886.png,True,True,True,True
town7_009897.png,True,False,True,True
town7_009898.png,True,False,True,True
town7_009901.png,True,False,True,True
town7_009908.png,True,False,True,True
town7_009910.png,True,False,True,True
town7_009916.png,True,False,True,True
town7_009922.png,True,False,True,False
town7_009937.png,True,False,True,True
town7_009940.png,True,False,True,True
town7_009947.png,True,False,True,True
town7_009953.png,True,False,True,True
town7_009968.png,True,False,True,True
town7_009979.png,True,False,True,True
town7_009981.png,True,False,True,True
town7_009994.png,True,False,True,True
town7_010006.png,True,False,True,True
town7_010008.png,True,False,True,True
town7_010009.png,True,False,True,True
town7_010013.png,True,False,True,True
town7_010025.png,True,False,True,True
town7_010039.png,True,False,True,True
town7_010050.png,True,False,True,True
town7_010051.png,True,False,True,True
town7_010058.png,True,False,True,True
town7_010062.png,True,False,True,True
town7_010063.png,True,False,True,True
town7_010069.png,True,False,True,True
town7_010084.png,True,False,False,True
town7_010093.png,True,False,False,True
town7_010095.png,True,False,False,True
town7_010096.png,True,False,False,True
town7_010104.png,True,False,True,True
town7_010107.png,True,False,True,True
town7_010110.png,True,False,True,True
town7_010121.png,True,False,True,True
town7_010128.png,True,False,True,True
town7_010129.png,True,False,True,True
town7_010137.png,True,False,True,True
town7_010140.png,True,False,True,True
town7_010142.png,True,False,True,True
town7_010143.png,True,False,True,True
town7_010147.png,True,False,True,True
town7_010149.png,True,False,True,True
town7_010150.png,True,False,True,True
town7_010154.png,True,False,True,True
town7_010155.png,True,False,True,True
town7_010159.png,True,False,True,True
town7_010161.png,True,False,True,True
town7_010162.png,True,False,True,True
town7_010166.png,True,False,True,True
town7_010190.png,True,False,True,True
town7_010194.png,True,False,True,True
town7_010200.png,True,True,False,True
town7_010204.png,True,False,True,False
town7_010214.png,True,False,True,False
town7_010217.png,True,False,True,False
town7_010225.png,True,False,True,True
town7_010228.png,True,False,True,True
town7_010232.png,True,False,True,True
town7_010234.png,True,False,True,True
town7_010236.png,True,False,True,True
town7_010245.png,True,False,True,True
town7_010249.png,True,False,True,True
town7_010251.png,True,False,True,True
town7_010258.png,True,False,True,True
town7_010261.png,True,False,True,True
town7_010262.png,True,False,True,True
town7_010275.png,True,False,True,True
town7_010278.png,True,False,True,True
town7_010281.png,True,False,True,True
town7_010282.png,True,False,True,True
town7_010289.png,True,False,True,True
town7_010292.png,True,False,True,True
town7_010294.png,True,False,True,True
town7_010295.png,True,False,True,True
town7_010310.png,True,False,True,True
town7_010312.png,True,False,True,True
town7_010320.png,True,False,True,True
town7_010329.png,True,False,True,True
town7_010330.png,True,False,True,True
town7_010335.png,True,False,True,True
town7_010336.png,True,False,True,True
town7_010337.png,True,False,True,True
town7_010340.png,True,False,True,True
town7_010354.png,True,False,True,True
town7_010361.png,True,False,True,True
town7_010370.png,True,False,True,True
town7_010375.png,True,False,True,False
town7_010378.png,True,False,True,True
town7_010381.png,True,False,True,True
town7_010384.png,True,False,True,True
town7_010395.png,True,False,True,True
town7_010397.png,True,False,True,True
town7_010398.png,True,False,True,True
town7_010400.png,True,False,True,True
town7_010406.png,True,False,True,True
town7_010415.png,True,False,True,True
town7_010417.png,True,False,True,True
town7_010418.png,True,False,True,True
town7_010423.png,True,False,True,True
town7_010427.png,True,False,True,True
town7_010428.png,True,False,True,True
town7_010435.png,True,False,True,True
town7_010438.png,True,False,True,True
town7_010442.png,True,False,True,True
town7_010450.png,True,False,True,True
town7_010454.png,True,False,True,True
town7_010459.png,True,False,True,True
town7_010462.png,True,False,True,True
town7_010469.png,True,False,True,True
town7_010470.png,True,False,True,True
town7_010476.png,True,False,True,True
town7_010478.png,True,False,True,True
town7_010488.png,True,False,True,True
town7_010505.png,True,False,True,True
town7_010507.png,True,False,True,True
town7_010509.png,True,False,True,False
town7_010514.png,True,False,True,True
town7_010519.png,True,False,True,True
town7_010521.png,True,False,True,True
town7_010522.png,True,False,True,True
town7_010540.png,True,False,True,True
town7_010541.png,True,False,True,True
town7_010545.png,True,False,True,True
town7_010547.png,True,False,True,True
town7_010550.png,True,False,True,True
town7_010554.png,True,False,True,True
town7_010556.png,True,False,True,True
town7_010566.png,True,False,True,True
town7_010574.png,True,False,True,True
town7_010576.png,True,False,True,True
town7_010580.png,True,False,True,True
town7_010581.png,True,False,True,True
town7_010585.png,True,False,True,True
town7_010597.png,True,False,True,True
town7_010613.png,True,False,True,True
town7_010617.png,True,False,True,True
town7_010618.png,True,False,True,True
town7_010620.png,True,False,True,True
town7_010621.png,True,False,True,True
town7_010623.png,True,False,True,True
town7_010629.png,True,False,True,True
town7_010630.png,True,False,True,True
town7_010636.png,True,False,True,True
town7_010658.png,True,False,True,True
town7_010672.png,True,False,True,True
town7_010674.png,True,False,True,True
town7_010678.png,True,False,True,True
town7_010691.png,True,False,True,True
town7_010699.png,True,False,True,True
town7_010706.png,True,False,True,True
town7_010708.png,True,False,False,True
town7_010711.png,True,False,False,True
town7_010728.png,True,False,True,True
town7_010736.png,True,False,True,True
town7_010741.png,True,False,True,True
town7_010743.png,True,False,True,True
town7_010748.png,True,False,True,True
town7_010749.png,True,False,True,False
town7_010753.png,True,False,True,True
town7_010758.png,True,False,True,True
town7_010759.png,True,False,True,True
town7_010773.png,True,False,True,True
town7_010787.png,True,False,True,True
town7_010796.png,True,False,True,True
town7_010800.png,True,False,True,True
town7_010802.png,True,False,True,True
town7_010809.png,True,False,True,True
town7_010812.png,True,False,True,True
town7_010814.png,True,False,True,True
town7_010842.png,True,False,True,True
town7_010846.png,True,False,True,True
town7_010854.png,True,False,True,True
town7_010866.png,True,False,True,True
town7_010872.png,True,False,True,True
town7_010873.png,True,False,True,True
town7_010880.png,True,False,True,True
town7_010885.png,True,False,True,True
town7_010889.png,True,False,True,True
town7_010891.png,True,False,True,True
town7_010895.png,True,False,True,True
town7_010903.png,True,False,True,True
town7_010910.png,True,False,True,True
town7_010916.png,True,False,True,True
town7_010918.png,True,False,True,True
town7_010921.png,True,False,True,True
town7_010930.png,True,False,True,True
town7_010941.png,True,False,True,True
town7_010945.png,True,False,True,True
town7_010947.png,True,False,True,True
town7_010949.png,True,False,True,True
town7_010978.png,True,False,True,True
town7_010982.png,True,True,True,True
town7_010996.png,True,False,True,True
town7_010998.png,True,False,True,True
town7_011000.png,True,False,True,True
town7_011002.png,True,False,True,True
town7_011004.png,True,False,True,True
town7_011005.png,True,False,True,True
town7_011007.png,True,False,True,True
town7_011015.png,True,False,True,True
town7_011020.png,True,False,True,True
town7_011027.png,True,False,True,True
town7_011028.png,True,False,True,True
town7_011039.png,True,False,True,True
town7_011041.png,True,False,True,True
town7_011043.png,True,False,True,True
town7_011044.png,True,False,True,True
town7_011045.png,True,False,True,True
town7_011064.png,True,False,True,True
town7_011070.png,True,False,True,True
town7_011076.png,True,False,True,True
town7_011083.png,True,False,True,True
town7_011085.png,True,False,True,True
town7_011087.png,True,False,True,True
town7_011092.png,True,False,True,True
town7_011096.png,True,False,True,True
town7_011105.png,True,True,True,True
town7_011106.png,True,True,True,True
town7_011107.png,True,True,True,True
town7_011108.png,True,True,True,True
town7_011109.png,True,True,True,True
town7_011112.png,True,True,True,True
town7_011128.png,True,False,True,True
town7_011136.png,True,False,True,True
town7_011139.png,True,False,True,True
town7_011140.png,True,False,True,True
town7_011146.png,True,False,True,True
town7_011161.png,True,False,False,True
town7_011165.png,True,False,False,True
town7_011173.png,True,False,True,True
town7_011179.png,True,True,True,True
town7_011184.png,True,False,True,True
town7_011201.png,True,False,False,True
town7_011202.png,False,False,False,True
town7_011204.png,True,False,False,True
town7_011205.png,True,False,False,True
town7_011216.png,True,False,True,True
town7_011217.png,True,False,True,True
town7_011223.png,True,False,True,True
town7_011225.png,True,False,True,True
town7_011228.png,True,False,True,True
town7_011231.png,True,False,True,True
town7_011250.png,True,False,True,True
town7_011251.png,True,False,True,True
town7_011254.png,True,False,True,True
town7_011263.png,True,False,True,True
town7_011264.png,True,False,True,True
town7_011273.png,True,False,True,True
town7_011275.png,True,False,True,True
town7_011287.png,True,False,True,True
town7_011289.png,True,False,True,True
town7_011294.png,True,False,True,True
town7_011296.png,True,False,True,True
town7_011300.png,True,False,True,True
town7_011301.png,True,False,True,True
town7_011306.png,True,False,True,True
town7_011308.png,True,False,True,True
town7_011311.png,True,False,True,True
town7_011313.png,True,True,True,True
town7_011315.png,True,False,True,True
town7_011316.png,True,False,True,True
town7_011318.png,True,False,True,True
town7_011323.png,True,False,True,True
town7_011327.png,True,False,True,True
town7_011332.png,True,False,True,True
town7_011342.png,True,False,True,True
town7_011350.png,True,False,True,True
town7_011362.png,True,False,True,True
town7_011379.png,True,False,True,True
town7_011381.png,True,False,True,True
town7_011386.png,True,False,True,True
town7_011388.png,True,True,True,True
town7_011400.png,True,False,True,True
town7_011401.png,True,False,True,True
town7_011412.png,True,False,True,True
town7_011427.png,True,False,True,True
town7_011432.png,True,False,True,True
town7_011433.png,True,False,True,True
town7_011436.png,True,False,True,True
town7_011440.png,True,False,True,True
town7_011441.png,True,False,True,True
town7_011446.png,True,False,True,True
town7_011450.png,True,False,True,True
town7_011457.png,True,True,True,True
town7_011487.png,True,False,True,False
town7_011492.png,True,False,True,True
town7_011495.png,True,False,True,True
town7_011497.png,True,False,True,False
town7_011498.png,True,False,True,True
town7_011506.png,True,False,True,True
town7_011511.png,True,False,True,True
town7_011512.png,True,False,True,True
town7_011518.png,True,False,True,True
town7_011519.png,True,False,True,True
town7_011525.png,True,True,False,True
town7_011531.png,True,True,True,True
town7_011533.png,True,False,True,True
town7_011534.png,True,False,True,True
town7_011539.png,True,True,True,True
town7_011548.png,True,False,True,True
town7_011555.png,True,False,True,False
town7_011558.png,True,True,True,True
town7_011566.png,True,False,True,True
town7_011567.png,True,False,True,True
town7_011574.png,True,False,True,True
town7_011584.png,True,True,True,True
town7_011593.png,True,True,True,True
town7_011597.png,True,False,True,True
town7_011604.png,True,False,True,True
town7_011608.png,True,False,True,True
town7_011617.png,True,False,True,False
town7_011627.png,True,True,False,True
town7_011628.png,True,True,False,True
town7_011634.png,True,False,False,False
town7_011636.png,True,False,False,True
town7_011637.png,True,False,False,True
town7_011656.png,True,False,True,True
town7_011657.png,True,False,True,True
town7_011661.png,True,False,True,True
town7_011662.png,True,False,True,True
town7_011664.png,True,False,True,True
town7_011668.png,True,False,True,True
town7_011672.png,True,False,True,True
town7_011673.png,True,False,True,True
town7_011682.png,True,True,True,True
town7_011683.png,True,True,True,True
town7_011688.png,True,False,True,True
town7_011696.png,True,False,True,True
town7_011698.png,True,False,True,True
town7_011699.png,True,False,True,True
town7_011703.png,True,False,True,True
town7_011708.png,True,False,True,True
town7_011714.png,True,False,True,True
town7_011717.png,True,False,True,True
town7_011729.png,True,False,True,True
town7_011733.png,True,False,True,True
town7_011736.png,True,False,True,True
town7_011741.png,True,False,True,True
town7_011743.png,True,False,True,True
town7_011744.png,True,False,True,True
town7_011745.png,True,False,True,True
town7_011752.png,True,False,True,True
town7_011763.png,True,False,True,True
town7_011772.png,True,False,True,True
town7_011780.png,True,False,True,True
town7_011785.png,True,False,True,True
town7_011796.png,True,False,True,True
town7_011802.png,True,False,True,True
town7_011814.png,True,False,False,True
town7_011819.png,True,False,False,True
town7_011824.png,True,False,True,True
town7_011831.png,True,False,True,True
town7_011841.png,True,False,True,True
town7_011848.png,True,False,True,True
town7_011855.png,True,False,True,True
town7_011860.png,True,False,True,True
town7_011862.png,True,False,True,True
town7_011864.png,True,False,True,True
town7_011870.png,True,True,True,True
town7_011879.png,True,False,True,True
town7_011887.png,True,False,True,True
town7_011888.png,True,False,True,True
town7_011893.png,True,False,True,True
town7_011912.png,True,False,False,True
town7_011914.png,True,False,True,True
town7_011916.png,True,False,True,True
town7_011918.png,True,False,True,True
town7_011923.png,True,False,True,True
town7_011924.png,True,False,True,True
town7_011927.png,True,False,True,True
town7_011929.png,True,False,True,True
town7_011932.png,True,False,True,True
town7_011938.png,True,False,True,True
town7_011947.png,True,False,True,True
town7_011955.png,True,False,True,True
town7_011958.png,True,False,False,True
town7_011960.png,True,False,False,True
town7_011977.png,True,False,True,True
town7_011988.png,True,False,True,True
town7_011991.png,True,False,True,True
town7_011994.png,True,False,True,True
town7_012028.png,True,False,True,True
town7_012029.png,True,False,True,True
town7_012032.png,True,False,False,True
town7_012034.png,True,False,True,True
town7_012042.png,True,False,True,True
town7_012049.png,True,False,True,True
town7_012056.png,True,False,True,True
town7_012060.png,True,False,True,True
town7_012061.png,True,False,True,True
town7_012062.png,True,False,True,True
town7_012068.png,True,False,True,True
town7_012069.png,True,False,True,True
town7_012082.png,True,False,True,True
town7_012087.png,True,False,True,True
town7_012089.png,True,False,True,True
town7_012090.png,True,True,False,True
town7_012091.png,True,True,False,True
town7_012094.png,True,False,False,True
town7_012096.png,True,False,False,True
town7_012101.png,True,False,True,True
town7_012102.png,True,False,True,True
town7_012104.png,True,False,True,True
